time,type,step,message
2023-06-01 17:35:50,Message,,"LoadTest started at Thu Jun 01 17:35:50 CEST 2023"
2023-06-01 17:35:51,Step TPS,Modifica el contacto,"TPS [74] is less than limit [100] [discarded]"
2023-06-01 17:35:51,Step TPS,Lista los contactos,"TPS [74] is less than limit [100] [discarded]"
2023-06-01 17:35:51,Step TPS,Lista los contactos,"TPS [74] is less than limit [100] [discarded]"
2023-06-01 17:35:51,Step TPS,Cosulta el contacto,"TPS [74] is less than limit [100] [discarded]"
2023-06-01 17:35:51,Step TPS,Modifica el contacto,"TPS [74] is less than limit [100] [discarded]"
2023-06-01 17:35:51,Step TPS,Modifica el contacto,"TPS [74] is less than limit [100] [discarded]"
2023-06-01 17:35:51,Step TPS,Lista los contactos,"TPS [74] is less than limit [100] [discarded]"
2023-06-01 17:35:51,Step TPS,Cosulta el contacto,"TPS [74] is less than limit [100] [discarded]"
2023-06-01 17:35:51,Step TPS,Cosulta el contacto,"TPS [74] is less than limit [100] [discarded]"
2023-06-01 17:35:51,Step TPS,Modifica el contacto,"TPS [74] is less than limit [100] [discarded]"
2023-06-01 17:35:51,Step TPS,Cosulta el contacto,"TPS [74] is less than limit [100] [discarded]"
2023-06-01 17:35:51,Step TPS,Lista los contactos,"TPS [74] is less than limit [100] [discarded]"
2023-06-01 17:35:51,Step TPS,Lista los contactos,"TPS [74] is less than limit [100] [discarded]"
2023-06-01 17:35:51,Step TPS,Modifica el contacto,"TPS [74] is less than limit [100] [discarded]"
2023-06-01 17:35:51,Step TPS,Modifica el contacto,"TPS [74] is less than limit [100] [discarded]"
2023-06-01 17:35:51,Step TPS,Cosulta el contacto,"TPS [74] is less than limit [100] [discarded]"
2023-06-01 17:35:51,Step TPS,Cosulta el contacto,"TPS [74] is less than limit [100] [discarded]"
2023-06-01 17:35:51,Step TPS,Lista los contactos,"TPS [74] is less than limit [100] [discarded]"
2023-06-01 17:35:51,Step TPS,Modifica el contacto,"TPS [74] is less than limit [100] [discarded]"
2023-06-01 17:35:51,Step TPS,Lista los contactos,"TPS [74] is less than limit [100] [discarded]"
2023-06-01 17:35:51,Step TPS,Cosulta el contacto,"TPS [74] is less than limit [100] [discarded]"
2023-06-01 17:35:51,Step TPS,Modifica el contacto,"TPS [74] is less than limit [100] [discarded]"
2023-06-01 17:35:51,Step TPS,Cosulta el contacto,"TPS [74] is less than limit [100] [discarded]"
2023-06-01 17:35:51,Step TPS,Lista los contactos,"TPS [74] is less than limit [100] [discarded]"
2023-06-01 17:35:51,Step TPS,Lista los contactos,"TPS [74] is less than limit [100] [discarded]"
2023-06-01 17:35:51,Step TPS,Modifica el contacto,"TPS [74] is less than limit [100] [discarded]"
2023-06-01 17:35:51,Step TPS,Modifica el contacto,"TPS [74] is less than limit [100] [discarded]"
2023-06-01 17:35:51,Step TPS,Cosulta el contacto,"TPS [74] is less than limit [100] [discarded]"
2023-06-01 17:35:51,Step TPS,Cosulta el contacto,"TPS [74] is less than limit [100] [discarded]"
2023-06-01 17:35:51,Step TPS,Lista los contactos,"TPS [74] is less than limit [100] [discarded]"
2023-06-01 17:35:51,Step TPS,Modifica el contacto,"TPS [74] is less than limit [100] [discarded]"
2023-06-01 17:35:51,Step TPS,Lista los contactos,"TPS [74] is less than limit [100] [discarded]"
2023-06-01 17:35:51,Step TPS,Cosulta el contacto,"TPS [71] is less than limit [100] [discarded]"
2023-06-01 17:35:51,Step TPS,Lista los contactos,"TPS [71] is less than limit [100] [discarded]"
2023-06-01 17:35:51,Step TPS,Modifica el contacto,"TPS [71] is less than limit [100] [discarded]"
2023-06-01 17:35:51,Step TPS,Lista los contactos,"TPS [71] is less than limit [100] [discarded]"
2023-06-01 17:35:51,Step TPS,Modifica el contacto,"TPS [71] is less than limit [100] [discarded]"
2023-06-01 17:35:51,Step TPS,Cosulta el contacto,"TPS [71] is less than limit [100] [discarded]"
2023-06-01 17:35:51,Step TPS,Modifica el contacto,"TPS [71] is less than limit [100] [discarded]"
2023-06-01 17:35:51,Step TPS,Cosulta el contacto,"TPS [71] is less than limit [100] [discarded]"
2023-06-01 17:35:51,Step TPS,Lista los contactos,"TPS [71] is less than limit [100] [discarded]"
2023-06-01 17:35:51,Step TPS,Lista los contactos,"TPS [71] is less than limit [100] [discarded]"
2023-06-01 17:35:51,Step TPS,Cosulta el contacto,"TPS [71] is less than limit [100] [discarded]"
2023-06-01 17:35:51,Step TPS,Lista los contactos,"TPS [71] is less than limit [100] [discarded]"
2023-06-01 17:35:51,Step TPS,Modifica el contacto,"TPS [71] is less than limit [100] [discarded]"
2023-06-01 17:35:51,Step TPS,Lista los contactos,"TPS [71] is less than limit [100] [discarded]"
2023-06-01 17:35:51,Step TPS,Modifica el contacto,"TPS [71] is less than limit [100] [discarded]"
2023-06-01 17:35:51,Step TPS,Modifica el contacto,"TPS [71] is less than limit [100] [discarded]"
2023-06-01 17:35:51,Step TPS,Cosulta el contacto,"TPS [71] is less than limit [100] [discarded]"
2023-06-01 17:35:51,Step TPS,Modifica el contacto,"TPS [71] is less than limit [100] [discarded]"
2023-06-01 17:35:51,Step TPS,Cosulta el contacto,"TPS [71] is less than limit [100] [discarded]"
2023-06-01 17:35:51,Step TPS,Cosulta el contacto,"TPS [71] is less than limit [100] [discarded]"
2023-06-01 17:35:51,Step TPS,Cosulta el contacto,"TPS [71] is less than limit [100] [discarded]"
2023-06-01 17:35:51,Step TPS,Lista los contactos,"TPS [71] is less than limit [100] [discarded]"
2023-06-01 17:35:51,Step TPS,Lista los contactos,"TPS [71] is less than limit [100] [discarded]"
2023-06-01 17:35:51,Step TPS,Modifica el contacto,"TPS [71] is less than limit [100] [discarded]"
2023-06-01 17:35:51,Step TPS,Modifica el contacto,"TPS [71] is less than limit [100] [discarded]"
2023-06-01 17:35:51,Step TPS,Lista los contactos,"TPS [71] is less than limit [100] [discarded]"
2023-06-01 17:35:51,Step TPS,Cosulta el contacto,"TPS [71] is less than limit [100] [discarded]"
2023-06-01 17:35:51,Step TPS,Cosulta el contacto,"TPS [71] is less than limit [100] [discarded]"
2023-06-01 17:35:51,Step TPS,Modifica el contacto,"TPS [71] is less than limit [100] [discarded]"
2023-06-01 17:35:51,Step TPS,Lista los contactos,"TPS [71] is less than limit [100] [discarded]"
2023-06-01 17:35:51,Step TPS,Cosulta el contacto,"TPS [71] is less than limit [100] [discarded]"
2023-06-01 17:35:51,Step TPS,Lista los contactos,"TPS [71] is less than limit [100] [discarded]"
2023-06-01 17:35:51,Step TPS,Modifica el contacto,"TPS [71] is less than limit [100] [discarded]"
2023-06-01 17:35:51,Step TPS,Modifica el contacto,"TPS [71] is less than limit [100] [discarded]"
2023-06-01 17:35:51,Step TPS,Lista los contactos,"TPS [71] is less than limit [100] [discarded]"
2023-06-01 17:35:51,Step TPS,Cosulta el contacto,"TPS [71] is less than limit [100] [discarded]"
2023-06-01 17:35:51,Step TPS,Cosulta el contacto,"TPS [71] is less than limit [100] [discarded]"
2023-06-01 17:35:51,Step TPS,Lista los contactos,"TPS [71] is less than limit [100] [discarded]"
2023-06-01 17:35:51,Step TPS,Modifica el contacto,"TPS [71] is less than limit [100] [discarded]"
2023-06-01 17:35:51,Step TPS,Modifica el contacto,"TPS [71] is less than limit [100] [discarded]"
2023-06-01 17:35:51,Step TPS,Cosulta el contacto,"TPS [71] is less than limit [100] [discarded]"
2023-06-01 17:35:51,Step TPS,Cosulta el contacto,"TPS [71] is less than limit [100] [discarded]"
2023-06-01 17:35:51,Step TPS,Lista los contactos,"TPS [71] is less than limit [100] [discarded]"
2023-06-01 17:35:51,Step TPS,Lista los contactos,"TPS [71] is less than limit [100] [discarded]"
2023-06-01 17:35:51,Step TPS,Lista los contactos,"TPS [71] is less than limit [100] [discarded]"
2023-06-01 17:35:51,Step TPS,Lista los contactos,"TPS [71] is less than limit [100] [discarded]"
2023-06-01 17:35:51,Step TPS,Modifica el contacto,"TPS [71] is less than limit [100] [discarded]"
2023-06-01 17:35:51,Step TPS,Lista los contactos,"TPS [71] is less than limit [100] [discarded]"
2023-06-01 17:35:51,Step TPS,Modifica el contacto,"TPS [71] is less than limit [100] [discarded]"
2023-06-01 17:35:51,Step TPS,Modifica el contacto,"TPS [71] is less than limit [100] [discarded]"
2023-06-01 17:35:51,Step TPS,Lista los contactos,"TPS [71] is less than limit [100] [discarded]"
2023-06-01 17:35:51,Step TPS,Modifica el contacto,"TPS [71] is less than limit [100] [discarded]"
2023-06-01 17:35:51,Step TPS,Modifica el contacto,"TPS [71] is less than limit [100] [discarded]"
2023-06-01 17:35:51,Step TPS,Cosulta el contacto,"TPS [71] is less than limit [100] [discarded]"
2023-06-01 17:35:51,Step TPS,Modifica el contacto,"TPS [71] is less than limit [100] [discarded]"
2023-06-01 17:35:51,Step TPS,Cosulta el contacto,"TPS [71] is less than limit [100] [discarded]"
2023-06-01 17:35:51,Step TPS,Cosulta el contacto,"TPS [71] is less than limit [100] [discarded]"
2023-06-01 17:35:51,Step TPS,Lista los contactos,"TPS [71] is less than limit [100] [discarded]"
2023-06-01 17:35:51,Step TPS,Lista los contactos,"TPS [71] is less than limit [100] [discarded]"
2023-06-01 17:35:51,Step TPS,Cosulta el contacto,"TPS [71] is less than limit [100] [discarded]"
2023-06-01 17:35:51,Step TPS,Lista los contactos,"TPS [71] is less than limit [100] [discarded]"
2023-06-01 17:35:52,Step TPS,Lista los contactos,"TPS [71] is less than limit [100] [discarded]"
2023-06-01 17:35:52,Step TPS,Cosulta el contacto,"TPS [71] is less than limit [100] [discarded]"
2023-06-01 17:35:51,Step TPS,Cosulta el contacto,"TPS [71] is less than limit [100] [discarded]"
2023-06-01 17:35:52,Step TPS,Modifica el contacto,"TPS [71] is less than limit [100] [discarded]"
2023-06-01 17:35:52,Step TPS,Modifica el contacto,"TPS [71] is less than limit [100] [discarded]"
2023-06-01 17:35:52,Step TPS,Lista los contactos,"TPS [71] is less than limit [100] [discarded]"
2023-06-01 17:35:52,Step TPS,Lista los contactos,"TPS [71] is less than limit [100] [discarded]"
2023-06-01 17:35:52,Step TPS,Modifica el contacto,"TPS [71] is less than limit [100] [discarded]"
2023-06-01 17:35:52,Step TPS,Modifica el contacto,"TPS [71] is less than limit [100] [discarded]"
2023-06-01 17:35:52,Step TPS,Cosulta el contacto,"TPS [71] is less than limit [100] [discarded]"
2023-06-01 17:35:52,Step TPS,Lista los contactos,"TPS [71] is less than limit [100] [discarded]"
2023-06-01 17:35:52,Step TPS,Cosulta el contacto,"TPS [71] is less than limit [100] [discarded]"
2023-06-01 17:35:52,Step TPS,Lista los contactos,"TPS [71] is less than limit [100] [discarded]"
2023-06-01 17:35:52,Step TPS,Modifica el contacto,"TPS [76] is less than limit [100] [discarded]"
2023-06-01 17:35:52,Step TPS,Cosulta el contacto,"TPS [76] is less than limit [100] [discarded]"
2023-06-01 17:35:52,Step TPS,Modifica el contacto,"TPS [76] is less than limit [100] [discarded]"
2023-06-01 17:35:52,Step TPS,Cosulta el contacto,"TPS [76] is less than limit [100] [discarded]"
2023-06-01 17:35:52,Step TPS,Lista los contactos,"TPS [76] is less than limit [100] [discarded]"
2023-06-01 17:35:52,Step TPS,Modifica el contacto,"TPS [76] is less than limit [100] [discarded]"
2023-06-01 17:35:52,Step TPS,Modifica el contacto,"TPS [76] is less than limit [100] [discarded]"
2023-06-01 17:35:52,Step TPS,Cosulta el contacto,"TPS [76] is less than limit [100] [discarded]"
2023-06-01 17:35:52,Step TPS,Cosulta el contacto,"TPS [76] is less than limit [100] [discarded]"
2023-06-01 17:35:52,Step TPS,Modifica el contacto,"TPS [76] is less than limit [100] [discarded]"
2023-06-01 17:35:52,Step TPS,Cosulta el contacto,"TPS [76] is less than limit [100] [discarded]"
2023-06-01 17:35:52,Step TPS,Cosulta el contacto,"TPS [76] is less than limit [100] [discarded]"
2023-06-01 17:35:52,Step TPS,Cosulta el contacto,"TPS [76] is less than limit [100] [discarded]"
2023-06-01 17:35:52,Step TPS,Lista los contactos,"TPS [76] is less than limit [100] [discarded]"
2023-06-01 17:35:52,Step TPS,Lista los contactos,"TPS [76] is less than limit [100] [discarded]"
2023-06-01 17:35:52,Step TPS,Lista los contactos,"TPS [76] is less than limit [100] [discarded]"
2023-06-01 17:35:52,Step TPS,Modifica el contacto,"TPS [76] is less than limit [100] [discarded]"
2023-06-01 17:35:52,Step TPS,Lista los contactos,"TPS [76] is less than limit [100] [discarded]"
2023-06-01 17:35:52,Step TPS,Modifica el contacto,"TPS [76] is less than limit [100] [discarded]"
2023-06-01 17:35:52,Step TPS,Modifica el contacto,"TPS [76] is less than limit [100] [discarded]"
2023-06-01 17:35:52,Step TPS,Modifica el contacto,"TPS [76] is less than limit [100] [discarded]"
2023-06-01 17:35:52,Step TPS,Lista los contactos,"TPS [76] is less than limit [100] [discarded]"
2023-06-01 17:35:52,Step TPS,Cosulta el contacto,"TPS [76] is less than limit [100] [discarded]"
2023-06-01 17:35:52,Step TPS,Cosulta el contacto,"TPS [76] is less than limit [100] [discarded]"
2023-06-01 17:35:52,Step TPS,Cosulta el contacto,"TPS [76] is less than limit [100] [discarded]"
2023-06-01 17:35:52,Step TPS,Lista los contactos,"TPS [76] is less than limit [100] [discarded]"
2023-06-01 17:35:52,Step TPS,Modifica el contacto,"TPS [76] is less than limit [100] [discarded]"
2023-06-01 17:35:52,Step TPS,Cosulta el contacto,"TPS [76] is less than limit [100] [discarded]"
2023-06-01 17:35:52,Step TPS,Lista los contactos,"TPS [76] is less than limit [100] [discarded]"
2023-06-01 17:35:52,Step TPS,Modifica el contacto,"TPS [76] is less than limit [100] [discarded]"
2023-06-01 17:35:52,Step TPS,Lista los contactos,"TPS [76] is less than limit [100] [discarded]"
2023-06-01 17:35:52,Step TPS,Lista los contactos,"TPS [76] is less than limit [100] [discarded]"
2023-06-01 17:35:52,Step TPS,Modifica el contacto,"TPS [76] is less than limit [100] [discarded]"
2023-06-01 17:35:52,Step TPS,Lista los contactos,"TPS [76] is less than limit [100] [discarded]"
2023-06-01 17:35:52,Step TPS,Modifica el contacto,"TPS [76] is less than limit [100] [discarded]"
2023-06-01 17:35:52,Step TPS,Cosulta el contacto,"TPS [76] is less than limit [100] [discarded]"
2023-06-01 17:35:52,Step TPS,Lista los contactos,"TPS [76] is less than limit [100] [discarded]"
2023-06-01 17:35:52,Step TPS,Cosulta el contacto,"TPS [76] is less than limit [100] [discarded]"
2023-06-01 17:35:52,Step TPS,Lista los contactos,"TPS [76] is less than limit [100] [discarded]"
2023-06-01 17:35:52,Step TPS,Lista los contactos,"TPS [76] is less than limit [100] [discarded]"
2023-06-01 17:35:52,Step TPS,Modifica el contacto,"TPS [76] is less than limit [100] [discarded]"
2023-06-01 17:35:52,Step TPS,Cosulta el contacto,"TPS [76] is less than limit [100] [discarded]"
2023-06-01 17:35:52,Step TPS,Modifica el contacto,"TPS [76] is less than limit [100] [discarded]"
2023-06-01 17:35:52,Step TPS,Cosulta el contacto,"TPS [76] is less than limit [100] [discarded]"
2023-06-01 17:35:52,Step TPS,Modifica el contacto,"TPS [76] is less than limit [100] [discarded]"
2023-06-01 17:35:52,Step TPS,Lista los contactos,"TPS [76] is less than limit [100] [discarded]"
2023-06-01 17:35:52,Step TPS,Modifica el contacto,"TPS [76] is less than limit [100] [discarded]"
2023-06-01 17:35:52,Step TPS,Modifica el contacto,"TPS [76] is less than limit [100] [discarded]"
2023-06-01 17:35:52,Step TPS,Cosulta el contacto,"TPS [76] is less than limit [100] [discarded]"
2023-06-01 17:35:52,Step TPS,Lista los contactos,"TPS [76] is less than limit [100] [discarded]"
2023-06-01 17:35:52,Step TPS,Cosulta el contacto,"TPS [76] is less than limit [100] [discarded]"
2023-06-01 17:35:52,Step TPS,Modifica el contacto,"TPS [76] is less than limit [100] [discarded]"
2023-06-01 17:35:52,Step TPS,Cosulta el contacto,"TPS [76] is less than limit [100] [discarded]"
2023-06-01 17:35:52,Step TPS,Cosulta el contacto,"TPS [76] is less than limit [100] [discarded]"
2023-06-01 17:35:52,Step TPS,Cosulta el contacto,"TPS [76] is less than limit [100] [discarded]"
2023-06-01 17:35:52,Step TPS,Lista los contactos,"TPS [76] is less than limit [100] [discarded]"
2023-06-01 17:35:52,Step TPS,Cosulta el contacto,"TPS [76] is less than limit [100] [discarded]"
2023-06-01 17:35:52,Step TPS,Modifica el contacto,"TPS [76] is less than limit [100] [discarded]"
2023-06-01 17:35:52,Step TPS,Modifica el contacto,"TPS [76] is less than limit [100] [discarded]"
2023-06-01 17:35:52,Step TPS,Cosulta el contacto,"TPS [76] is less than limit [100] [discarded]"
2023-06-01 17:35:52,Step TPS,Lista los contactos,"TPS [76] is less than limit [100] [discarded]"
2023-06-01 17:35:52,Step TPS,Cosulta el contacto,"TPS [76] is less than limit [100] [discarded]"
2023-06-01 17:35:52,Step TPS,Lista los contactos,"TPS [76] is less than limit [100] [discarded]"
2023-06-01 17:35:52,Step TPS,Modifica el contacto,"TPS [76] is less than limit [100] [discarded]"
2023-06-01 17:35:52,Step TPS,Lista los contactos,"TPS [76] is less than limit [100] [discarded]"
2023-06-01 17:35:52,Step TPS,Modifica el contacto,"TPS [76] is less than limit [100] [discarded]"
2023-06-01 17:35:52,Step TPS,Lista los contactos,"TPS [76] is less than limit [100] [discarded]"
2023-06-01 17:35:52,Step TPS,Cosulta el contacto,"TPS [76] is less than limit [100] [discarded]"
2023-06-01 17:35:52,Step TPS,Lista los contactos,"TPS [76] is less than limit [100] [discarded]"
2023-06-01 17:35:52,Step TPS,Modifica el contacto,"TPS [76] is less than limit [100] [discarded]"
2023-06-01 17:35:52,Step TPS,Modifica el contacto,"TPS [76] is less than limit [100] [discarded]"
2023-06-01 17:35:52,Step TPS,Cosulta el contacto,"TPS [76] is less than limit [100] [discarded]"
2023-06-01 17:35:52,Step TPS,Modifica el contacto,"TPS [76] is less than limit [100] [discarded]"
2023-06-01 17:35:52,Step TPS,Lista los contactos,"TPS [76] is less than limit [100] [discarded]"
2023-06-01 17:35:52,Step TPS,Cosulta el contacto,"TPS [76] is less than limit [100] [discarded]"
2023-06-01 17:35:52,Step TPS,Lista los contactos,"TPS [76] is less than limit [100] [discarded]"
2023-06-01 17:35:52,Step TPS,Cosulta el contacto,"TPS [76] is less than limit [100] [discarded]"
2023-06-01 17:35:52,Step TPS,Lista los contactos,"TPS [76] is less than limit [100] [discarded]"
2023-06-01 17:35:52,Step TPS,Cosulta el contacto,"TPS [76] is less than limit [100] [discarded]"
2023-06-01 17:35:52,Step TPS,Modifica el contacto,"TPS [76] is less than limit [100] [discarded]"
2023-06-01 17:35:52,Step TPS,Modifica el contacto,"TPS [76] is less than limit [100] [discarded]"
2023-06-01 17:35:52,Step TPS,Lista los contactos,"TPS [76] is less than limit [100] [discarded]"
2023-06-01 17:35:52,Step TPS,Modifica el contacto,"TPS [83] is less than limit [100] [discarded]"
2023-06-01 17:35:52,Step TPS,Cosulta el contacto,"TPS [83] is less than limit [100] [discarded]"
2023-06-01 17:35:52,Step TPS,Cosulta el contacto,"TPS [83] is less than limit [100] [discarded]"
2023-06-01 17:35:52,Step TPS,Modifica el contacto,"TPS [83] is less than limit [100] [discarded]"
2023-06-01 17:35:52,Step TPS,Lista los contactos,"TPS [83] is less than limit [100] [discarded]"
2023-06-01 17:35:52,Step TPS,Cosulta el contacto,"TPS [83] is less than limit [100] [discarded]"
2023-06-01 17:35:52,Step TPS,Lista los contactos,"TPS [83] is less than limit [100] [discarded]"
2023-06-01 17:35:52,Step TPS,Cosulta el contacto,"TPS [83] is less than limit [100] [discarded]"
2023-06-01 17:35:52,Step TPS,Lista los contactos,"TPS [83] is less than limit [100] [discarded]"
2023-06-01 17:35:52,Step TPS,Lista los contactos,"TPS [83] is less than limit [100] [discarded]"
2023-06-01 17:35:52,Step TPS,Modifica el contacto,"TPS [83] is less than limit [100] [discarded]"
2023-06-01 17:35:52,Step TPS,Lista los contactos,"TPS [83] is less than limit [100] [discarded]"
2023-06-01 17:35:52,Step TPS,Modifica el contacto,"TPS [83] is less than limit [100] [discarded]"
2023-06-01 17:35:52,Step TPS,Modifica el contacto,"TPS [83] is less than limit [100] [discarded]"
2023-06-01 17:35:52,Step TPS,Modifica el contacto,"TPS [83] is less than limit [100] [discarded]"
2023-06-01 17:35:52,Step TPS,Lista los contactos,"TPS [83] is less than limit [100] [discarded]"
2023-06-01 17:35:52,Step TPS,Modifica el contacto,"TPS [83] is less than limit [100] [discarded]"
2023-06-01 17:35:52,Step TPS,Cosulta el contacto,"TPS [83] is less than limit [100] [discarded]"
2023-06-01 17:35:52,Step TPS,Cosulta el contacto,"TPS [83] is less than limit [100] [discarded]"
2023-06-01 17:35:52,Step TPS,Cosulta el contacto,"TPS [83] is less than limit [100] [discarded]"
2023-06-01 17:35:52,Step TPS,Modifica el contacto,"TPS [83] is less than limit [100] [discarded]"
2023-06-01 17:35:52,Step TPS,Cosulta el contacto,"TPS [83] is less than limit [100] [discarded]"
2023-06-01 17:35:52,Step TPS,Cosulta el contacto,"TPS [83] is less than limit [100] [discarded]"
2023-06-01 17:35:52,Step TPS,Lista los contactos,"TPS [83] is less than limit [100] [discarded]"
2023-06-01 17:35:52,Step TPS,Lista los contactos,"TPS [83] is less than limit [100] [discarded]"
2023-06-01 17:35:52,Step TPS,Cosulta el contacto,"TPS [83] is less than limit [100] [discarded]"
2023-06-01 17:35:52,Step TPS,Lista los contactos,"TPS [83] is less than limit [100] [discarded]"
2023-06-01 17:35:52,Step TPS,Modifica el contacto,"TPS [83] is less than limit [100] [discarded]"
2023-06-01 17:35:52,Step TPS,Modifica el contacto,"TPS [83] is less than limit [100] [discarded]"
2023-06-01 17:35:52,Step TPS,Lista los contactos,"TPS [83] is less than limit [100] [discarded]"
2023-06-01 17:35:52,Step TPS,Cosulta el contacto,"TPS [83] is less than limit [100] [discarded]"
2023-06-01 17:35:52,Step TPS,Cosulta el contacto,"TPS [83] is less than limit [100] [discarded]"
2023-06-01 17:35:52,Step TPS,Modifica el contacto,"TPS [83] is less than limit [100] [discarded]"
2023-06-01 17:35:52,Step TPS,Modifica el contacto,"TPS [83] is less than limit [100] [discarded]"
2023-06-01 17:35:52,Step TPS,Lista los contactos,"TPS [83] is less than limit [100] [discarded]"
2023-06-01 17:35:52,Step TPS,Lista los contactos,"TPS [83] is less than limit [100] [discarded]"
2023-06-01 17:35:52,Step TPS,Lista los contactos,"TPS [83] is less than limit [100] [discarded]"
2023-06-01 17:35:52,Step TPS,Cosulta el contacto,"TPS [83] is less than limit [100] [discarded]"
2023-06-01 17:35:52,Step TPS,Cosulta el contacto,"TPS [83] is less than limit [100] [discarded]"
2023-06-01 17:35:52,Step TPS,Lista los contactos,"TPS [83] is less than limit [100] [discarded]"
2023-06-01 17:35:52,Step TPS,Modifica el contacto,"TPS [83] is less than limit [100] [discarded]"
2023-06-01 17:35:52,Step TPS,Modifica el contacto,"TPS [83] is less than limit [100] [discarded]"
2023-06-01 17:35:52,Step TPS,Modifica el contacto,"TPS [83] is less than limit [100] [discarded]"
2023-06-01 17:35:52,Step TPS,Modifica el contacto,"TPS [83] is less than limit [100] [discarded]"
2023-06-01 17:35:52,Step TPS,Lista los contactos,"TPS [83] is less than limit [100] [discarded]"
2023-06-01 17:35:52,Step TPS,Cosulta el contacto,"TPS [83] is less than limit [100] [discarded]"
2023-06-01 17:35:52,Step TPS,Cosulta el contacto,"TPS [83] is less than limit [100] [discarded]"
2023-06-01 17:35:52,Step TPS,Lista los contactos,"TPS [83] is less than limit [100] [discarded]"
2023-06-01 17:35:52,Step TPS,Cosulta el contacto,"TPS [83] is less than limit [100] [discarded]"
2023-06-01 17:35:52,Step TPS,Lista los contactos,"TPS [83] is less than limit [100] [discarded]"
2023-06-01 17:35:52,Step TPS,Cosulta el contacto,"TPS [83] is less than limit [100] [discarded]"
2023-06-01 17:35:52,Step TPS,Lista los contactos,"TPS [83] is less than limit [100] [discarded]"
2023-06-01 17:35:52,Step TPS,Modifica el contacto,"TPS [83] is less than limit [100] [discarded]"
2023-06-01 17:35:52,Step TPS,Modifica el contacto,"TPS [83] is less than limit [100] [discarded]"
2023-06-01 17:35:52,Step TPS,Lista los contactos,"TPS [83] is less than limit [100] [discarded]"
2023-06-01 17:35:52,Step TPS,Modifica el contacto,"TPS [83] is less than limit [100] [discarded]"
2023-06-01 17:35:52,Step TPS,Modifica el contacto,"TPS [83] is less than limit [100] [discarded]"
2023-06-01 17:35:52,Step TPS,Cosulta el contacto,"TPS [83] is less than limit [100] [discarded]"
2023-06-01 17:35:52,Step TPS,Lista los contactos,"TPS [83] is less than limit [100] [discarded]"
2023-06-01 17:35:52,Step TPS,Cosulta el contacto,"TPS [83] is less than limit [100] [discarded]"
2023-06-01 17:35:52,Step TPS,Lista los contactos,"TPS [83] is less than limit [100] [discarded]"
2023-06-01 17:35:52,Step TPS,Modifica el contacto,"TPS [83] is less than limit [100] [discarded]"
2023-06-01 17:35:52,Step TPS,Cosulta el contacto,"TPS [83] is less than limit [100] [discarded]"
2023-06-01 17:35:52,Step TPS,Lista los contactos,"TPS [83] is less than limit [100] [discarded]"
2023-06-01 17:35:52,Step TPS,Modifica el contacto,"TPS [83] is less than limit [100] [discarded]"
2023-06-01 17:35:52,Step TPS,Lista los contactos,"TPS [83] is less than limit [100] [discarded]"
2023-06-01 17:35:52,Step TPS,Cosulta el contacto,"TPS [83] is less than limit [100] [discarded]"
2023-06-01 17:35:52,Step TPS,Lista los contactos,"TPS [83] is less than limit [100] [discarded]"
2023-06-01 17:35:52,Step TPS,Lista los contactos,"TPS [83] is less than limit [100] [discarded]"
2023-06-01 17:35:52,Step TPS,Modifica el contacto,"TPS [83] is less than limit [100] [discarded]"
2023-06-01 17:35:52,Step TPS,Modifica el contacto,"TPS [83] is less than limit [100] [discarded]"
2023-06-01 17:35:52,Step TPS,Modifica el contacto,"TPS [83] is less than limit [100] [discarded]"
2023-06-01 17:35:52,Step TPS,Cosulta el contacto,"TPS [83] is less than limit [100] [discarded]"
2023-06-01 17:35:52,Step TPS,Lista los contactos,"TPS [83] is less than limit [100] [discarded]"
2023-06-01 17:35:52,Step TPS,Lista los contactos,"TPS [83] is less than limit [100] [discarded]"
2023-06-01 17:35:52,Step TPS,Cosulta el contacto,"TPS [83] is less than limit [100] [discarded]"
2023-06-01 17:35:52,Step TPS,Modifica el contacto,"TPS [83] is less than limit [100] [discarded]"
2023-06-01 17:35:52,Step TPS,Modifica el contacto,"TPS [83] is less than limit [100] [discarded]"
2023-06-01 17:35:52,Step TPS,Cosulta el contacto,"TPS [83] is less than limit [100] [discarded]"
2023-06-01 17:35:52,Step TPS,Cosulta el contacto,"TPS [83] is less than limit [100] [discarded]"
2023-06-01 17:35:52,Step TPS,Modifica el contacto,"TPS [83] is less than limit [100] [discarded]"
2023-06-01 17:35:52,Step TPS,Cosulta el contacto,"TPS [83] is less than limit [100] [discarded]"
2023-06-01 17:35:52,Step TPS,Lista los contactos,"TPS [83] is less than limit [100] [discarded]"
2023-06-01 17:35:52,Step TPS,Cosulta el contacto,"TPS [83] is less than limit [100] [discarded]"
2023-06-01 17:35:52,Step TPS,Lista los contactos,"TPS [83] is less than limit [100] [discarded]"
2023-06-01 17:35:52,Step TPS,Modifica el contacto,"TPS [83] is less than limit [100] [discarded]"
2023-06-01 17:35:52,Step TPS,Modifica el contacto,"TPS [83] is less than limit [100] [discarded]"
2023-06-01 17:35:52,Step TPS,Cosulta el contacto,"TPS [83] is less than limit [100] [discarded]"
2023-06-01 17:35:52,Step TPS,Cosulta el contacto,"TPS [88] is less than limit [100] [discarded]"
2023-06-01 17:35:52,Step TPS,Cosulta el contacto,"TPS [88] is less than limit [100] [discarded]"
2023-06-01 17:35:52,Step TPS,Modifica el contacto,"TPS [88] is less than limit [100] [discarded]"
2023-06-01 17:35:52,Step TPS,Cosulta el contacto,"TPS [88] is less than limit [100] [discarded]"
2023-06-01 17:35:52,Step TPS,Cosulta el contacto,"TPS [88] is less than limit [100] [discarded]"
2023-06-01 17:35:52,Step TPS,Lista los contactos,"TPS [88] is less than limit [100] [discarded]"
2023-06-01 17:35:52,Step TPS,Modifica el contacto,"TPS [88] is less than limit [100] [discarded]"
2023-06-01 17:35:52,Step TPS,Cosulta el contacto,"TPS [88] is less than limit [100] [discarded]"
2023-06-01 17:35:52,Step TPS,Lista los contactos,"TPS [88] is less than limit [100] [discarded]"
2023-06-01 17:35:52,Step TPS,Modifica el contacto,"TPS [88] is less than limit [100] [discarded]"
2023-06-01 17:35:52,Step TPS,Lista los contactos,"TPS [88] is less than limit [100] [discarded]"
2023-06-01 17:35:52,Step TPS,Cosulta el contacto,"TPS [88] is less than limit [100] [discarded]"
2023-06-01 17:35:52,Step TPS,Modifica el contacto,"TPS [88] is less than limit [100] [discarded]"
2023-06-01 17:35:52,Step TPS,Lista los contactos,"TPS [88] is less than limit [100] [discarded]"
2023-06-01 17:35:52,Step TPS,Cosulta el contacto,"TPS [88] is less than limit [100] [discarded]"
2023-06-01 17:35:52,Step TPS,Modifica el contacto,"TPS [88] is less than limit [100] [discarded]"
2023-06-01 17:35:52,Step TPS,Lista los contactos,"TPS [88] is less than limit [100] [discarded]"
2023-06-01 17:35:52,Step TPS,Cosulta el contacto,"TPS [88] is less than limit [100] [discarded]"
2023-06-01 17:35:52,Step TPS,Lista los contactos,"TPS [88] is less than limit [100] [discarded]"
2023-06-01 17:35:52,Step TPS,Lista los contactos,"TPS [88] is less than limit [100] [discarded]"
2023-06-01 17:35:52,Step TPS,Modifica el contacto,"TPS [88] is less than limit [100] [discarded]"
2023-06-01 17:35:52,Step TPS,Lista los contactos,"TPS [88] is less than limit [100] [discarded]"
2023-06-01 17:35:52,Step TPS,Modifica el contacto,"TPS [88] is less than limit [100] [discarded]"
2023-06-01 17:35:52,Step TPS,Modifica el contacto,"TPS [88] is less than limit [100] [discarded]"
2023-06-01 17:35:52,Step TPS,Lista los contactos,"TPS [88] is less than limit [100] [discarded]"
2023-06-01 17:35:52,Step TPS,Modifica el contacto,"TPS [88] is less than limit [100] [discarded]"
2023-06-01 17:35:52,Step TPS,Cosulta el contacto,"TPS [88] is less than limit [100] [discarded]"
2023-06-01 17:35:52,Step TPS,Lista los contactos,"TPS [88] is less than limit [100] [discarded]"
2023-06-01 17:35:52,Step TPS,Cosulta el contacto,"TPS [88] is less than limit [100] [discarded]"
2023-06-01 17:35:52,Step TPS,Cosulta el contacto,"TPS [88] is less than limit [100] [discarded]"
2023-06-01 17:35:52,Step TPS,Lista los contactos,"TPS [88] is less than limit [100] [discarded]"
2023-06-01 17:35:52,Step TPS,Modifica el contacto,"TPS [88] is less than limit [100] [discarded]"
2023-06-01 17:35:52,Step TPS,Lista los contactos,"TPS [88] is less than limit [100] [discarded]"
2023-06-01 17:35:52,Step TPS,Lista los contactos,"TPS [88] is less than limit [100] [discarded]"
2023-06-01 17:35:52,Step TPS,Modifica el contacto,"TPS [88] is less than limit [100] [discarded]"
2023-06-01 17:35:52,Step TPS,Cosulta el contacto,"TPS [88] is less than limit [100] [discarded]"
2023-06-01 17:35:52,Step TPS,Cosulta el contacto,"TPS [88] is less than limit [100] [discarded]"
2023-06-01 17:35:52,Step TPS,Modifica el contacto,"TPS [88] is less than limit [100] [discarded]"
2023-06-01 17:35:52,Step TPS,Modifica el contacto,"TPS [88] is less than limit [100] [discarded]"
2023-06-01 17:35:52,Step TPS,Modifica el contacto,"TPS [88] is less than limit [100] [discarded]"
2023-06-01 17:35:52,Step TPS,Lista los contactos,"TPS [88] is less than limit [100] [discarded]"
2023-06-01 17:35:52,Step TPS,Cosulta el contacto,"TPS [88] is less than limit [100] [discarded]"
2023-06-01 17:35:52,Step TPS,Lista los contactos,"TPS [88] is less than limit [100] [discarded]"
2023-06-01 17:35:52,Step TPS,Cosulta el contacto,"TPS [88] is less than limit [100] [discarded]"
2023-06-01 17:35:52,Step TPS,Cosulta el contacto,"TPS [88] is less than limit [100] [discarded]"
2023-06-01 17:35:52,Step TPS,Cosulta el contacto,"TPS [88] is less than limit [100] [discarded]"
2023-06-01 17:35:52,Step TPS,Modifica el contacto,"TPS [88] is less than limit [100] [discarded]"
2023-06-01 17:35:52,Step TPS,Modifica el contacto,"TPS [88] is less than limit [100] [discarded]"
2023-06-01 17:35:52,Step TPS,Cosulta el contacto,"TPS [88] is less than limit [100] [discarded]"
2023-06-01 17:35:52,Step TPS,Cosulta el contacto,"TPS [88] is less than limit [100] [discarded]"
2023-06-01 17:35:52,Step TPS,Lista los contactos,"TPS [88] is less than limit [100] [discarded]"
2023-06-01 17:35:52,Step TPS,Lista los contactos,"TPS [88] is less than limit [100] [discarded]"
2023-06-01 17:35:52,Step TPS,Modifica el contacto,"TPS [88] is less than limit [100] [discarded]"
2023-06-01 17:35:52,Step TPS,Lista los contactos,"TPS [88] is less than limit [100] [discarded]"
2023-06-01 17:35:52,Step TPS,Modifica el contacto,"TPS [88] is less than limit [100] [discarded]"
2023-06-01 17:35:52,Step TPS,Lista los contactos,"TPS [88] is less than limit [100] [discarded]"
2023-06-01 17:35:52,Step TPS,Cosulta el contacto,"TPS [88] is less than limit [100] [discarded]"
2023-06-01 17:35:52,Step TPS,Modifica el contacto,"TPS [88] is less than limit [100] [discarded]"
2023-06-01 17:35:52,Step TPS,Cosulta el contacto,"TPS [88] is less than limit [100] [discarded]"
2023-06-01 17:35:52,Step TPS,Modifica el contacto,"TPS [88] is less than limit [100] [discarded]"
2023-06-01 17:35:52,Step TPS,Lista los contactos,"TPS [88] is less than limit [100] [discarded]"
2023-06-01 17:35:52,Step TPS,Cosulta el contacto,"TPS [88] is less than limit [100] [discarded]"
2023-06-01 17:35:52,Step TPS,Cosulta el contacto,"TPS [88] is less than limit [100] [discarded]"
2023-06-01 17:35:52,Step TPS,Modifica el contacto,"TPS [88] is less than limit [100] [discarded]"
2023-06-01 17:35:52,Step TPS,Cosulta el contacto,"TPS [88] is less than limit [100] [discarded]"
2023-06-01 17:35:52,Step TPS,Lista los contactos,"TPS [88] is less than limit [100] [discarded]"
2023-06-01 17:35:52,Step TPS,Modifica el contacto,"TPS [90] is less than limit [100] [discarded]"
2023-06-01 17:35:52,Step TPS,Cosulta el contacto,"TPS [90] is less than limit [100] [discarded]"
2023-06-01 17:35:52,Step TPS,Lista los contactos,"TPS [90] is less than limit [100] [discarded]"
2023-06-01 17:35:52,Step TPS,Lista los contactos,"TPS [90] is less than limit [100] [discarded]"
2023-06-01 17:35:52,Step TPS,Modifica el contacto,"TPS [90] is less than limit [100] [discarded]"
2023-06-01 17:35:52,Step TPS,Lista los contactos,"TPS [90] is less than limit [100] [discarded]"
2023-06-01 17:35:52,Step TPS,Modifica el contacto,"TPS [90] is less than limit [100] [discarded]"
2023-06-01 17:35:52,Step TPS,Cosulta el contacto,"TPS [90] is less than limit [100] [discarded]"
2023-06-01 17:35:52,Step TPS,Lista los contactos,"TPS [90] is less than limit [100] [discarded]"
2023-06-01 17:35:52,Step TPS,Lista los contactos,"TPS [90] is less than limit [100] [discarded]"
2023-06-01 17:35:52,Step TPS,Modifica el contacto,"TPS [90] is less than limit [100] [discarded]"
2023-06-01 17:35:52,Step TPS,Cosulta el contacto,"TPS [90] is less than limit [100] [discarded]"
2023-06-01 17:35:52,Step TPS,Modifica el contacto,"TPS [90] is less than limit [100] [discarded]"
2023-06-01 17:35:52,Step TPS,Modifica el contacto,"TPS [90] is less than limit [100] [discarded]"
2023-06-01 17:35:52,Step TPS,Cosulta el contacto,"TPS [90] is less than limit [100] [discarded]"
2023-06-01 17:35:52,Step TPS,Lista los contactos,"TPS [90] is less than limit [100] [discarded]"
2023-06-01 17:35:52,Step TPS,Cosulta el contacto,"TPS [90] is less than limit [100] [discarded]"
2023-06-01 17:35:52,Step TPS,Cosulta el contacto,"TPS [90] is less than limit [100] [discarded]"
2023-06-01 17:35:52,Step TPS,Modifica el contacto,"TPS [90] is less than limit [100] [discarded]"
2023-06-01 17:35:52,Step TPS,Lista los contactos,"TPS [90] is less than limit [100] [discarded]"
2023-06-01 17:35:52,Step TPS,Cosulta el contacto,"TPS [90] is less than limit [100] [discarded]"
2023-06-01 17:35:52,Step TPS,Modifica el contacto,"TPS [90] is less than limit [100] [discarded]"
2023-06-01 17:35:52,Step TPS,Lista los contactos,"TPS [90] is less than limit [100] [discarded]"
2023-06-01 17:35:52,Step TPS,Lista los contactos,"TPS [90] is less than limit [100] [discarded]"
2023-06-01 17:35:52,Step TPS,Cosulta el contacto,"TPS [90] is less than limit [100] [discarded]"
2023-06-01 17:35:52,Step TPS,Modifica el contacto,"TPS [90] is less than limit [100] [discarded]"
2023-06-01 17:35:52,Step TPS,Lista los contactos,"TPS [90] is less than limit [100] [discarded]"
2023-06-01 17:35:52,Step TPS,Modifica el contacto,"TPS [90] is less than limit [100] [discarded]"
2023-06-01 17:35:52,Step TPS,Lista los contactos,"TPS [90] is less than limit [100] [discarded]"
2023-06-01 17:35:52,Step TPS,Cosulta el contacto,"TPS [90] is less than limit [100] [discarded]"
2023-06-01 17:35:52,Step TPS,Modifica el contacto,"TPS [90] is less than limit [100] [discarded]"
2023-06-01 17:35:52,Step TPS,Cosulta el contacto,"TPS [90] is less than limit [100] [discarded]"
2023-06-01 17:35:52,Step TPS,Modifica el contacto,"TPS [90] is less than limit [100] [discarded]"
2023-06-01 17:35:52,Step TPS,Cosulta el contacto,"TPS [90] is less than limit [100] [discarded]"
2023-06-01 17:35:52,Step TPS,Lista los contactos,"TPS [90] is less than limit [100] [discarded]"
2023-06-01 17:35:52,Step TPS,Lista los contactos,"TPS [90] is less than limit [100] [discarded]"
2023-06-01 17:35:52,Step TPS,Cosulta el contacto,"TPS [90] is less than limit [100] [discarded]"
2023-06-01 17:35:52,Step TPS,Lista los contactos,"TPS [90] is less than limit [100] [discarded]"
2023-06-01 17:35:52,Step TPS,Lista los contactos,"TPS [90] is less than limit [100] [discarded]"
2023-06-01 17:35:52,Step TPS,Modifica el contacto,"TPS [90] is less than limit [100] [discarded]"
2023-06-01 17:35:52,Step TPS,Lista los contactos,"TPS [90] is less than limit [100] [discarded]"
2023-06-01 17:35:52,Step TPS,Modifica el contacto,"TPS [90] is less than limit [100] [discarded]"
2023-06-01 17:35:52,Step TPS,Modifica el contacto,"TPS [90] is less than limit [100] [discarded]"
2023-06-01 17:35:52,Step TPS,Modifica el contacto,"TPS [90] is less than limit [100] [discarded]"
2023-06-01 17:35:52,Step TPS,Modifica el contacto,"TPS [90] is less than limit [100] [discarded]"
2023-06-01 17:35:52,Step TPS,Cosulta el contacto,"TPS [90] is less than limit [100] [discarded]"
2023-06-01 17:35:52,Step TPS,Cosulta el contacto,"TPS [90] is less than limit [100] [discarded]"
2023-06-01 17:35:52,Step TPS,Cosulta el contacto,"TPS [90] is less than limit [100] [discarded]"
2023-06-01 17:35:52,Step TPS,Lista los contactos,"TPS [90] is less than limit [100] [discarded]"
2023-06-01 17:35:52,Step TPS,Lista los contactos,"TPS [90] is less than limit [100] [discarded]"
2023-06-01 17:35:52,Step TPS,Cosulta el contacto,"TPS [90] is less than limit [100] [discarded]"
2023-06-01 17:35:52,Step TPS,Cosulta el contacto,"TPS [90] is less than limit [100] [discarded]"
2023-06-01 17:35:52,Step TPS,Modifica el contacto,"TPS [90] is less than limit [100] [discarded]"
2023-06-01 17:35:52,Step TPS,Modifica el contacto,"TPS [90] is less than limit [100] [discarded]"
2023-06-01 17:35:52,Step TPS,Lista los contactos,"TPS [90] is less than limit [100] [discarded]"
2023-06-01 17:35:52,Step TPS,Cosulta el contacto,"TPS [90] is less than limit [100] [discarded]"
2023-06-01 17:35:52,Step TPS,Cosulta el contacto,"TPS [90] is less than limit [100] [discarded]"
2023-06-01 17:35:52,Step TPS,Modifica el contacto,"TPS [90] is less than limit [100] [discarded]"
2023-06-01 17:35:52,Step TPS,Lista los contactos,"TPS [90] is less than limit [100] [discarded]"
2023-06-01 17:35:52,Step TPS,Lista los contactos,"TPS [90] is less than limit [100] [discarded]"
2023-06-01 17:35:52,Step TPS,Cosulta el contacto,"TPS [90] is less than limit [100] [discarded]"
2023-06-01 17:35:52,Step TPS,Lista los contactos,"TPS [90] is less than limit [100] [discarded]"
2023-06-01 17:35:52,Step TPS,Modifica el contacto,"TPS [90] is less than limit [100] [discarded]"
2023-06-01 17:35:52,Step TPS,Modifica el contacto,"TPS [90] is less than limit [100] [discarded]"
2023-06-01 17:35:52,Step TPS,Lista los contactos,"TPS [90] is less than limit [100] [discarded]"
2023-06-01 17:35:52,Step TPS,Modifica el contacto,"TPS [90] is less than limit [100] [discarded]"
2023-06-01 17:35:52,Step TPS,Cosulta el contacto,"TPS [90] is less than limit [100] [discarded]"
2023-06-01 17:35:52,Step TPS,Cosulta el contacto,"TPS [90] is less than limit [100] [discarded]"
2023-06-01 17:35:52,Step TPS,Modifica el contacto,"TPS [90] is less than limit [100] [discarded]"
2023-06-01 17:35:52,Step TPS,Cosulta el contacto,"TPS [92] is less than limit [100] [discarded]"
2023-06-01 17:35:52,Step TPS,Cosulta el contacto,"TPS [92] is less than limit [100] [discarded]"
2023-06-01 17:35:52,Step TPS,Lista los contactos,"TPS [92] is less than limit [100] [discarded]"
2023-06-01 17:35:52,Step TPS,Lista los contactos,"TPS [92] is less than limit [100] [discarded]"
2023-06-01 17:35:52,Step TPS,Modifica el contacto,"TPS [92] is less than limit [100] [discarded]"
2023-06-01 17:35:52,Step TPS,Modifica el contacto,"TPS [92] is less than limit [100] [discarded]"
2023-06-01 17:35:52,Step TPS,Lista los contactos,"TPS [92] is less than limit [100] [discarded]"
2023-06-01 17:35:52,Step TPS,Cosulta el contacto,"TPS [92] is less than limit [100] [discarded]"
2023-06-01 17:35:52,Step TPS,Cosulta el contacto,"TPS [92] is less than limit [100] [discarded]"
2023-06-01 17:35:52,Step TPS,Modifica el contacto,"TPS [92] is less than limit [100] [discarded]"
2023-06-01 17:35:52,Step TPS,Lista los contactos,"TPS [92] is less than limit [100] [discarded]"
2023-06-01 17:35:52,Step TPS,Lista los contactos,"TPS [92] is less than limit [100] [discarded]"
2023-06-01 17:35:52,Step TPS,Cosulta el contacto,"TPS [92] is less than limit [100] [discarded]"
2023-06-01 17:35:52,Step TPS,Modifica el contacto,"TPS [92] is less than limit [100] [discarded]"
2023-06-01 17:35:52,Step TPS,Modifica el contacto,"TPS [92] is less than limit [100] [discarded]"
2023-06-01 17:35:52,Step TPS,Lista los contactos,"TPS [92] is less than limit [100] [discarded]"
2023-06-01 17:35:52,Step TPS,Lista los contactos,"TPS [92] is less than limit [100] [discarded]"
2023-06-01 17:35:52,Step TPS,Cosulta el contacto,"TPS [92] is less than limit [100] [discarded]"
2023-06-01 17:35:52,Step TPS,Lista los contactos,"TPS [92] is less than limit [100] [discarded]"
2023-06-01 17:35:52,Step TPS,Cosulta el contacto,"TPS [92] is less than limit [100] [discarded]"
2023-06-01 17:35:52,Step TPS,Lista los contactos,"TPS [92] is less than limit [100] [discarded]"
2023-06-01 17:35:52,Step TPS,Modifica el contacto,"TPS [92] is less than limit [100] [discarded]"
2023-06-01 17:35:52,Step TPS,Modifica el contacto,"TPS [92] is less than limit [100] [discarded]"
2023-06-01 17:35:52,Step TPS,Lista los contactos,"TPS [92] is less than limit [100] [discarded]"
2023-06-01 17:35:52,Step TPS,Lista los contactos,"TPS [92] is less than limit [100] [discarded]"
2023-06-01 17:35:52,Step TPS,Lista los contactos,"TPS [92] is less than limit [100] [discarded]"
2023-06-01 17:35:52,Step TPS,Modifica el contacto,"TPS [92] is less than limit [100] [discarded]"
2023-06-01 17:35:52,Step TPS,Modifica el contacto,"TPS [92] is less than limit [100] [discarded]"
2023-06-01 17:35:52,Step TPS,Lista los contactos,"TPS [92] is less than limit [100] [discarded]"
2023-06-01 17:35:52,Step TPS,Cosulta el contacto,"TPS [92] is less than limit [100] [discarded]"
2023-06-01 17:35:52,Step TPS,Lista los contactos,"TPS [92] is less than limit [100] [discarded]"
2023-06-01 17:35:52,Step TPS,Cosulta el contacto,"TPS [92] is less than limit [100] [discarded]"
2023-06-01 17:35:52,Step TPS,Modifica el contacto,"TPS [92] is less than limit [100] [discarded]"
2023-06-01 17:35:52,Step TPS,Modifica el contacto,"TPS [92] is less than limit [100] [discarded]"
2023-06-01 17:35:52,Step TPS,Modifica el contacto,"TPS [92] is less than limit [100] [discarded]"
2023-06-01 17:35:52,Step TPS,Lista los contactos,"TPS [92] is less than limit [100] [discarded]"
2023-06-01 17:35:52,Step TPS,Modifica el contacto,"TPS [92] is less than limit [100] [discarded]"
2023-06-01 17:35:52,Step TPS,Cosulta el contacto,"TPS [92] is less than limit [100] [discarded]"
2023-06-01 17:35:52,Step TPS,Cosulta el contacto,"TPS [92] is less than limit [100] [discarded]"
2023-06-01 17:35:52,Step TPS,Lista los contactos,"TPS [92] is less than limit [100] [discarded]"
2023-06-01 17:35:52,Step TPS,Cosulta el contacto,"TPS [92] is less than limit [100] [discarded]"
2023-06-01 17:35:52,Step TPS,Modifica el contacto,"TPS [92] is less than limit [100] [discarded]"
2023-06-01 17:35:52,Step TPS,Lista los contactos,"TPS [92] is less than limit [100] [discarded]"
2023-06-01 17:35:52,Step TPS,Lista los contactos,"TPS [92] is less than limit [100] [discarded]"
2023-06-01 17:35:52,Step TPS,Lista los contactos,"TPS [92] is less than limit [100] [discarded]"
2023-06-01 17:35:52,Step TPS,Cosulta el contacto,"TPS [92] is less than limit [100] [discarded]"
2023-06-01 17:35:52,Step TPS,Modifica el contacto,"TPS [92] is less than limit [100] [discarded]"
2023-06-01 17:35:52,Step TPS,Cosulta el contacto,"TPS [92] is less than limit [100] [discarded]"
2023-06-01 17:35:52,Step TPS,Cosulta el contacto,"TPS [92] is less than limit [100] [discarded]"
2023-06-01 17:35:52,Step TPS,Lista los contactos,"TPS [92] is less than limit [100] [discarded]"
2023-06-01 17:35:52,Step TPS,Modifica el contacto,"TPS [92] is less than limit [100] [discarded]"
2023-06-01 17:35:52,Step TPS,Cosulta el contacto,"TPS [92] is less than limit [100] [discarded]"
2023-06-01 17:35:52,Step TPS,Modifica el contacto,"TPS [92] is less than limit [100] [discarded]"
2023-06-01 17:35:52,Step TPS,Modifica el contacto,"TPS [92] is less than limit [100] [discarded]"
2023-06-01 17:35:52,Step TPS,Modifica el contacto,"TPS [92] is less than limit [100] [discarded]"
2023-06-01 17:35:52,Step TPS,Lista los contactos,"TPS [92] is less than limit [100] [discarded]"
2023-06-01 17:35:52,Step TPS,Lista los contactos,"TPS [92] is less than limit [100] [discarded]"
2023-06-01 17:35:52,Step TPS,Cosulta el contacto,"TPS [92] is less than limit [100] [discarded]"
2023-06-01 17:35:52,Step TPS,Lista los contactos,"TPS [92] is less than limit [100] [discarded]"
2023-06-01 17:35:52,Step TPS,Modifica el contacto,"TPS [92] is less than limit [100] [discarded]"
2023-06-01 17:35:52,Step TPS,Cosulta el contacto,"TPS [92] is less than limit [100] [discarded]"
2023-06-01 17:35:53,Step TPS,Cosulta el contacto,"TPS [92] is less than limit [100] [discarded]"
2023-06-01 17:35:53,Step TPS,Modifica el contacto,"TPS [92] is less than limit [100] [discarded]"
2023-06-01 17:35:52,Step TPS,Cosulta el contacto,"TPS [92] is less than limit [100] [discarded]"
2023-06-01 17:35:53,Step TPS,Modifica el contacto,"TPS [92] is less than limit [100] [discarded]"
2023-06-01 17:35:53,Step TPS,Modifica el contacto,"TPS [92] is less than limit [100] [discarded]"
2023-06-01 17:35:53,Step TPS,Cosulta el contacto,"TPS [92] is less than limit [100] [discarded]"
2023-06-01 17:35:53,Step TPS,Lista los contactos,"TPS [93] is less than limit [100] [discarded]"
2023-06-01 17:35:53,Step TPS,Cosulta el contacto,"TPS [93] is less than limit [100] [discarded]"
2023-06-01 17:35:53,Step TPS,Lista los contactos,"TPS [93] is less than limit [100] [discarded]"
2023-06-01 17:35:53,Step TPS,Lista los contactos,"TPS [93] is less than limit [100] [discarded]"
2023-06-01 17:35:53,Step TPS,Cosulta el contacto,"TPS [93] is less than limit [100] [discarded]"
2023-06-01 17:35:53,Step TPS,Lista los contactos,"TPS [93] is less than limit [100] [discarded]"
2023-06-01 17:35:53,Step TPS,Cosulta el contacto,"TPS [93] is less than limit [100] [discarded]"
2023-06-01 17:35:53,Step TPS,Modifica el contacto,"TPS [93] is less than limit [100] [discarded]"
2023-06-01 17:35:53,Step TPS,Cosulta el contacto,"TPS [93] is less than limit [100] [discarded]"
2023-06-01 17:35:53,Step TPS,Modifica el contacto,"TPS [93] is less than limit [100] [discarded]"
2023-06-01 17:35:53,Step TPS,Lista los contactos,"TPS [93] is less than limit [100] [discarded]"
2023-06-01 17:35:53,Step TPS,Modifica el contacto,"TPS [93] is less than limit [100] [discarded]"
2023-06-01 17:35:53,Step TPS,Lista los contactos,"TPS [93] is less than limit [100] [discarded]"
2023-06-01 17:35:53,Step TPS,Modifica el contacto,"TPS [93] is less than limit [100] [discarded]"
2023-06-01 17:35:53,Step TPS,Lista los contactos,"TPS [93] is less than limit [100] [discarded]"
2023-06-01 17:35:53,Step TPS,Cosulta el contacto,"TPS [93] is less than limit [100] [discarded]"
2023-06-01 17:35:53,Step TPS,Lista los contactos,"TPS [93] is less than limit [100] [discarded]"
2023-06-01 17:35:53,Step TPS,Modifica el contacto,"TPS [93] is less than limit [100] [discarded]"
2023-06-01 17:35:53,Step TPS,Cosulta el contacto,"TPS [93] is less than limit [100] [discarded]"
2023-06-01 17:35:53,Step TPS,Cosulta el contacto,"TPS [93] is less than limit [100] [discarded]"
2023-06-01 17:35:53,Step TPS,Modifica el contacto,"TPS [93] is less than limit [100] [discarded]"
2023-06-01 17:35:53,Step TPS,Lista los contactos,"TPS [93] is less than limit [100] [discarded]"
2023-06-01 17:35:53,Step TPS,Modifica el contacto,"TPS [93] is less than limit [100] [discarded]"
2023-06-01 17:35:53,Step TPS,Lista los contactos,"TPS [93] is less than limit [100] [discarded]"
2023-06-01 17:35:53,Step TPS,Cosulta el contacto,"TPS [93] is less than limit [100] [discarded]"
2023-06-01 17:35:53,Step TPS,Lista los contactos,"TPS [93] is less than limit [100] [discarded]"
2023-06-01 17:35:53,Step TPS,Modifica el contacto,"TPS [93] is less than limit [100] [discarded]"
2023-06-01 17:35:53,Step TPS,Lista los contactos,"TPS [93] is less than limit [100] [discarded]"
2023-06-01 17:35:53,Step TPS,Cosulta el contacto,"TPS [93] is less than limit [100] [discarded]"
2023-06-01 17:35:53,Step TPS,Modifica el contacto,"TPS [93] is less than limit [100] [discarded]"
2023-06-01 17:35:53,Step TPS,Lista los contactos,"TPS [93] is less than limit [100] [discarded]"
2023-06-01 17:35:53,Step TPS,Cosulta el contacto,"TPS [93] is less than limit [100] [discarded]"
2023-06-01 17:35:53,Step TPS,Modifica el contacto,"TPS [93] is less than limit [100] [discarded]"
2023-06-01 17:35:53,Step TPS,Cosulta el contacto,"TPS [93] is less than limit [100] [discarded]"
2023-06-01 17:35:53,Step TPS,Modifica el contacto,"TPS [93] is less than limit [100] [discarded]"
2023-06-01 17:35:53,Step TPS,Modifica el contacto,"TPS [93] is less than limit [100] [discarded]"
2023-06-01 17:35:53,Step TPS,Lista los contactos,"TPS [93] is less than limit [100] [discarded]"
2023-06-01 17:35:53,Step TPS,Lista los contactos,"TPS [93] is less than limit [100] [discarded]"
2023-06-01 17:35:53,Step TPS,Cosulta el contacto,"TPS [93] is less than limit [100] [discarded]"
2023-06-01 17:35:53,Step TPS,Modifica el contacto,"TPS [93] is less than limit [100] [discarded]"
2023-06-01 17:35:53,Step TPS,Cosulta el contacto,"TPS [93] is less than limit [100] [discarded]"
2023-06-01 17:35:53,Step TPS,Cosulta el contacto,"TPS [93] is less than limit [100] [discarded]"
2023-06-01 17:35:53,Step TPS,Lista los contactos,"TPS [93] is less than limit [100] [discarded]"
2023-06-01 17:35:53,Step TPS,Cosulta el contacto,"TPS [93] is less than limit [100] [discarded]"
2023-06-01 17:35:53,Step TPS,Modifica el contacto,"TPS [93] is less than limit [100] [discarded]"
2023-06-01 17:35:53,Step TPS,Modifica el contacto,"TPS [93] is less than limit [100] [discarded]"
2023-06-01 17:35:53,Step TPS,Cosulta el contacto,"TPS [93] is less than limit [100] [discarded]"
2023-06-01 17:35:53,Step TPS,Lista los contactos,"TPS [93] is less than limit [100] [discarded]"
2023-06-01 17:35:53,Step TPS,Cosulta el contacto,"TPS [93] is less than limit [100] [discarded]"
2023-06-01 17:35:53,Step TPS,Modifica el contacto,"TPS [93] is less than limit [100] [discarded]"
2023-06-01 17:35:53,Step TPS,Lista los contactos,"TPS [93] is less than limit [100] [discarded]"
2023-06-01 17:35:53,Step TPS,Lista los contactos,"TPS [93] is less than limit [100] [discarded]"
2023-06-01 17:35:53,Step TPS,Lista los contactos,"TPS [93] is less than limit [100] [discarded]"
2023-06-01 17:35:53,Step TPS,Cosulta el contacto,"TPS [93] is less than limit [100] [discarded]"
2023-06-01 17:35:53,Step TPS,Cosulta el contacto,"TPS [93] is less than limit [100] [discarded]"
2023-06-01 17:35:53,Step TPS,Lista los contactos,"TPS [93] is less than limit [100] [discarded]"
2023-06-01 17:35:53,Step TPS,Modifica el contacto,"TPS [93] is less than limit [100] [discarded]"
2023-06-01 17:35:53,Step TPS,Modifica el contacto,"TPS [93] is less than limit [100] [discarded]"
2023-06-01 17:35:53,Step TPS,Cosulta el contacto,"TPS [93] is less than limit [100] [discarded]"
2023-06-01 17:35:53,Step TPS,Modifica el contacto,"TPS [93] is less than limit [100] [discarded]"
2023-06-01 17:35:53,Step TPS,Modifica el contacto,"TPS [93] is less than limit [100] [discarded]"
2023-06-01 17:35:53,Step TPS,Lista los contactos,"TPS [93] is less than limit [100] [discarded]"
2023-06-01 17:35:53,Step TPS,Lista los contactos,"TPS [93] is less than limit [100] [discarded]"
2023-06-01 17:35:53,Step TPS,Modifica el contacto,"TPS [93] is less than limit [100] [discarded]"
2023-06-01 17:35:53,Step TPS,Lista los contactos,"TPS [93] is less than limit [100] [discarded]"
2023-06-01 17:35:53,Step TPS,Lista los contactos,"TPS [93] is less than limit [100] [discarded]"
2023-06-01 17:35:53,Step TPS,Cosulta el contacto,"TPS [93] is less than limit [100] [discarded]"
2023-06-01 17:35:53,Step TPS,Lista los contactos,"TPS [93] is less than limit [100] [discarded]"
2023-06-01 17:35:53,Step TPS,Cosulta el contacto,"TPS [93] is less than limit [100] [discarded]"
2023-06-01 17:35:53,Step TPS,Lista los contactos,"TPS [93] is less than limit [100] [discarded]"
2023-06-01 17:35:53,Step TPS,Modifica el contacto,"TPS [93] is less than limit [100] [discarded]"
2023-06-01 17:35:53,Step TPS,Cosulta el contacto,"TPS [93] is less than limit [100] [discarded]"
2023-06-01 17:35:53,Step TPS,Cosulta el contacto,"TPS [93] is less than limit [100] [discarded]"
2023-06-01 17:35:53,Step TPS,Modifica el contacto,"TPS [93] is less than limit [100] [discarded]"
2023-06-01 17:35:53,Step TPS,Cosulta el contacto,"TPS [93] is less than limit [100] [discarded]"
2023-06-01 17:35:53,Step TPS,Modifica el contacto,"TPS [93] is less than limit [100] [discarded]"
2023-06-01 17:35:53,Step TPS,Modifica el contacto,"TPS [93] is less than limit [100] [discarded]"
2023-06-01 17:35:53,Step TPS,Cosulta el contacto,"TPS [93] is less than limit [100] [discarded]"
2023-06-01 17:35:53,Step TPS,Modifica el contacto,"TPS [93] is less than limit [100] [discarded]"
2023-06-01 17:35:53,Step TPS,Modifica el contacto,"TPS [93] is less than limit [100] [discarded]"
2023-06-01 17:35:53,Step TPS,Cosulta el contacto,"TPS [93] is less than limit [100] [discarded]"
2023-06-01 17:35:53,Step TPS,Lista los contactos,"TPS [93] is less than limit [100] [discarded]"
2023-06-01 17:35:53,Step TPS,Lista los contactos,"TPS [93] is less than limit [100] [discarded]"
2023-06-01 17:35:53,Step TPS,Lista los contactos,"TPS [93] is less than limit [100] [discarded]"
2023-06-01 17:35:53,Step TPS,Lista los contactos,"TPS [93] is less than limit [100] [discarded]"
2023-06-01 17:35:53,Step TPS,Lista los contactos,"TPS [93] is less than limit [100] [discarded]"
2023-06-01 17:35:53,Step TPS,Cosulta el contacto,"TPS [93] is less than limit [100] [discarded]"
2023-06-01 17:35:53,Step TPS,Lista los contactos,"TPS [93] is less than limit [100] [discarded]"
2023-06-01 17:35:53,Step TPS,Cosulta el contacto,"TPS [93] is less than limit [100] [discarded]"
2023-06-01 17:35:53,Step TPS,Lista los contactos,"TPS [93] is less than limit [100] [discarded]"
2023-06-01 17:35:53,Step TPS,Cosulta el contacto,"TPS [93] is less than limit [100] [discarded]"
2023-06-01 17:35:53,Step TPS,Lista los contactos,"TPS [93] is less than limit [100] [discarded]"
2023-06-01 17:35:53,Step TPS,Cosulta el contacto,"TPS [97] is less than limit [100] [discarded]"
2023-06-01 17:35:53,Step TPS,Lista los contactos,"TPS [97] is less than limit [100] [discarded]"
2023-06-01 17:35:53,Step TPS,Modifica el contacto,"TPS [97] is less than limit [100] [discarded]"
2023-06-01 17:35:53,Step TPS,Modifica el contacto,"TPS [97] is less than limit [100] [discarded]"
2023-06-01 17:35:53,Step TPS,Modifica el contacto,"TPS [97] is less than limit [100] [discarded]"
2023-06-01 17:35:53,Step TPS,Modifica el contacto,"TPS [97] is less than limit [100] [discarded]"
2023-06-01 17:35:53,Step TPS,Modifica el contacto,"TPS [97] is less than limit [100] [discarded]"
2023-06-01 17:35:53,Step TPS,Modifica el contacto,"TPS [97] is less than limit [100] [discarded]"
2023-06-01 17:35:53,Step TPS,Modifica el contacto,"TPS [97] is less than limit [100] [discarded]"
2023-06-01 17:35:53,Step TPS,Modifica el contacto,"TPS [97] is less than limit [100] [discarded]"
2023-06-01 17:35:53,Step TPS,Modifica el contacto,"TPS [97] is less than limit [100] [discarded]"
2023-06-01 17:35:53,Step TPS,Lista los contactos,"TPS [97] is less than limit [100] [discarded]"
2023-06-01 17:35:53,Step TPS,Lista los contactos,"TPS [97] is less than limit [100] [discarded]"
2023-06-01 17:35:53,Step TPS,Lista los contactos,"TPS [97] is less than limit [100] [discarded]"
2023-06-01 17:35:53,Step TPS,Cosulta el contacto,"TPS [97] is less than limit [100] [discarded]"
2023-06-01 17:35:53,Step TPS,Lista los contactos,"TPS [97] is less than limit [100] [discarded]"
2023-06-01 17:35:53,Step TPS,Cosulta el contacto,"TPS [97] is less than limit [100] [discarded]"
2023-06-01 17:35:53,Step TPS,Cosulta el contacto,"TPS [97] is less than limit [100] [discarded]"
2023-06-01 17:35:53,Step TPS,Lista los contactos,"TPS [97] is less than limit [100] [discarded]"
2023-06-01 17:35:53,Step TPS,Cosulta el contacto,"TPS [97] is less than limit [100] [discarded]"
2023-06-01 17:35:53,Step TPS,Cosulta el contacto,"TPS [97] is less than limit [100] [discarded]"
2023-06-01 17:35:53,Step TPS,Modifica el contacto,"TPS [97] is less than limit [100] [discarded]"
2023-06-01 17:35:53,Step TPS,Cosulta el contacto,"TPS [97] is less than limit [100] [discarded]"
2023-06-01 17:35:53,Step TPS,Cosulta el contacto,"TPS [97] is less than limit [100] [discarded]"
2023-06-01 17:35:53,Step TPS,Lista los contactos,"TPS [97] is less than limit [100] [discarded]"
2023-06-01 17:35:53,Step TPS,Lista los contactos,"TPS [97] is less than limit [100] [discarded]"
2023-06-01 17:35:53,Step TPS,Cosulta el contacto,"TPS [97] is less than limit [100] [discarded]"
2023-06-01 17:35:53,Step TPS,Cosulta el contacto,"TPS [97] is less than limit [100] [discarded]"
2023-06-01 17:35:53,Step TPS,Lista los contactos,"TPS [97] is less than limit [100] [discarded]"
2023-06-01 17:35:53,Step TPS,Modifica el contacto,"TPS [97] is less than limit [100] [discarded]"
2023-06-01 17:35:53,Step TPS,Modifica el contacto,"TPS [97] is less than limit [100] [discarded]"
2023-06-01 17:35:53,Step TPS,Modifica el contacto,"TPS [97] is less than limit [100] [discarded]"
2023-06-01 17:35:53,Step TPS,Modifica el contacto,"TPS [97] is less than limit [100] [discarded]"
2023-06-01 17:35:53,Step TPS,Lista los contactos,"TPS [97] is less than limit [100] [discarded]"
2023-06-01 17:35:53,Step TPS,Cosulta el contacto,"TPS [97] is less than limit [100] [discarded]"
2023-06-01 17:35:53,Step TPS,Modifica el contacto,"TPS [97] is less than limit [100] [discarded]"
2023-06-01 17:35:53,Step TPS,Modifica el contacto,"TPS [97] is less than limit [100] [discarded]"
2023-06-01 17:35:53,Step TPS,Modifica el contacto,"TPS [97] is less than limit [100] [discarded]"
2023-06-01 17:35:53,Step TPS,Cosulta el contacto,"TPS [97] is less than limit [100] [discarded]"
2023-06-01 17:35:53,Step TPS,Lista los contactos,"TPS [97] is less than limit [100] [discarded]"
2023-06-01 17:35:53,Step TPS,Cosulta el contacto,"TPS [97] is less than limit [100] [discarded]"
2023-06-01 17:35:53,Step TPS,Cosulta el contacto,"TPS [97] is less than limit [100] [discarded]"
2023-06-01 17:35:53,Step TPS,Cosulta el contacto,"TPS [97] is less than limit [100] [discarded]"
2023-06-01 17:35:53,Step TPS,Cosulta el contacto,"TPS [97] is less than limit [100] [discarded]"
2023-06-01 17:35:53,Step TPS,Cosulta el contacto,"TPS [97] is less than limit [100] [discarded]"
2023-06-01 17:35:53,Step TPS,Modifica el contacto,"TPS [97] is less than limit [100] [discarded]"
2023-06-01 17:35:53,Step TPS,Modifica el contacto,"TPS [97] is less than limit [100] [discarded]"
2023-06-01 17:35:53,Step TPS,Cosulta el contacto,"TPS [97] is less than limit [100] [discarded]"
2023-06-01 17:35:53,Step TPS,Lista los contactos,"TPS [97] is less than limit [100] [discarded]"
2023-06-01 17:35:53,Step TPS,Cosulta el contacto,"TPS [97] is less than limit [100] [discarded]"
2023-06-01 17:35:53,Step TPS,Cosulta el contacto,"TPS [97] is less than limit [100] [discarded]"
2023-06-01 17:35:53,Step TPS,Modifica el contacto,"TPS [97] is less than limit [100] [discarded]"
2023-06-01 17:35:53,Step TPS,Lista los contactos,"TPS [97] is less than limit [100] [discarded]"
2023-06-01 17:35:53,Step TPS,Lista los contactos,"TPS [97] is less than limit [100] [discarded]"
2023-06-01 17:35:53,Step TPS,Cosulta el contacto,"TPS [97] is less than limit [100] [discarded]"
2023-06-01 17:35:53,Step TPS,Modifica el contacto,"TPS [97] is less than limit [100] [discarded]"
2023-06-01 17:35:53,Step TPS,Modifica el contacto,"TPS [97] is less than limit [100] [discarded]"
2023-06-01 17:35:53,Step TPS,Cosulta el contacto,"TPS [97] is less than limit [100] [discarded]"
2023-06-01 17:35:53,Step TPS,Cosulta el contacto,"TPS [97] is less than limit [100] [discarded]"
2023-06-01 17:35:53,Step TPS,Lista los contactos,"TPS [97] is less than limit [100] [discarded]"
2023-06-01 17:35:53,Step TPS,Lista los contactos,"TPS [97] is less than limit [100] [discarded]"
2023-06-01 17:35:53,Step TPS,Modifica el contacto,"TPS [97] is less than limit [100] [discarded]"
2023-06-01 17:35:53,Step TPS,Modifica el contacto,"TPS [97] is less than limit [100] [discarded]"
2023-06-01 17:35:53,Step TPS,Lista los contactos,"TPS [97] is less than limit [100] [discarded]"
2023-06-01 17:35:53,Step TPS,Cosulta el contacto,"TPS [97] is less than limit [100] [discarded]"
2023-06-01 17:35:53,Step TPS,Cosulta el contacto,"TPS [97] is less than limit [100] [discarded]"
2023-06-01 17:35:53,Step TPS,Modifica el contacto,"TPS [97] is less than limit [100] [discarded]"
2023-06-01 17:35:53,Step TPS,Cosulta el contacto,"TPS [98] is less than limit [100] [discarded]"
2023-06-01 17:35:53,Step TPS,Lista los contactos,"TPS [98] is less than limit [100] [discarded]"
2023-06-01 17:35:53,Step TPS,Lista los contactos,"TPS [98] is less than limit [100] [discarded]"
2023-06-01 17:35:53,Step TPS,Lista los contactos,"TPS [98] is less than limit [100] [discarded]"
2023-06-01 17:35:53,Step TPS,Lista los contactos,"TPS [98] is less than limit [100] [discarded]"
2023-06-01 17:35:53,Step TPS,Modifica el contacto,"TPS [98] is less than limit [100] [discarded]"
2023-06-01 17:35:53,Step TPS,Modifica el contacto,"TPS [98] is less than limit [100] [discarded]"
2023-06-01 17:35:53,Step TPS,Modifica el contacto,"TPS [98] is less than limit [100] [discarded]"
2023-06-01 17:35:53,Step TPS,Modifica el contacto,"TPS [98] is less than limit [100] [discarded]"
2023-06-01 17:35:53,Step TPS,Cosulta el contacto,"TPS [98] is less than limit [100] [discarded]"
2023-06-01 17:35:53,Step TPS,Lista los contactos,"TPS [98] is less than limit [100] [discarded]"
2023-06-01 17:35:53,Step TPS,Cosulta el contacto,"TPS [98] is less than limit [100] [discarded]"
2023-06-01 17:35:53,Step TPS,Cosulta el contacto,"TPS [98] is less than limit [100] [discarded]"
2023-06-01 17:35:53,Step TPS,Cosulta el contacto,"TPS [98] is less than limit [100] [discarded]"
2023-06-01 17:35:53,Step TPS,Lista los contactos,"TPS [98] is less than limit [100] [discarded]"
2023-06-01 17:35:53,Step TPS,Modifica el contacto,"TPS [98] is less than limit [100] [discarded]"
2023-06-01 17:35:53,Step TPS,Lista los contactos,"TPS [98] is less than limit [100] [discarded]"
2023-06-01 17:35:53,Step TPS,Lista los contactos,"TPS [98] is less than limit [100] [discarded]"
2023-06-01 17:35:53,Step TPS,Lista los contactos,"TPS [98] is less than limit [100] [discarded]"
2023-06-01 17:35:53,Step TPS,Modifica el contacto,"TPS [98] is less than limit [100] [discarded]"
2023-06-01 17:35:53,Step TPS,Modifica el contacto,"TPS [98] is less than limit [100] [discarded]"
2023-06-01 17:35:53,Step TPS,Cosulta el contacto,"TPS [98] is less than limit [100] [discarded]"
2023-06-01 17:35:53,Step TPS,Lista los contactos,"TPS [98] is less than limit [100] [discarded]"
2023-06-01 17:35:53,Step TPS,Modifica el contacto,"TPS [98] is less than limit [100] [discarded]"
2023-06-01 17:35:53,Step TPS,Modifica el contacto,"TPS [98] is less than limit [100] [discarded]"
2023-06-01 17:35:53,Step TPS,Lista los contactos,"TPS [98] is less than limit [100] [discarded]"
2023-06-01 17:35:53,Step TPS,Cosulta el contacto,"TPS [98] is less than limit [100] [discarded]"
2023-06-01 17:35:53,Step TPS,Cosulta el contacto,"TPS [98] is less than limit [100] [discarded]"
2023-06-01 17:35:53,Step TPS,Modifica el contacto,"TPS [98] is less than limit [100] [discarded]"
2023-06-01 17:35:53,Step TPS,Cosulta el contacto,"TPS [98] is less than limit [100] [discarded]"
2023-06-01 17:35:53,Step TPS,Cosulta el contacto,"TPS [98] is less than limit [100] [discarded]"
2023-06-01 17:35:53,Step TPS,Lista los contactos,"TPS [98] is less than limit [100] [discarded]"
2023-06-01 17:35:53,Step TPS,Cosulta el contacto,"TPS [98] is less than limit [100] [discarded]"
2023-06-01 17:35:53,Step TPS,Modifica el contacto,"TPS [98] is less than limit [100] [threadIndex=55]"
2023-06-01 17:35:53,Step TPS,Lista los contactos,"TPS [98] is less than limit [100] [threadIndex=24]"
2023-06-01 17:35:53,Step TPS,Modifica el contacto,"TPS [98] is less than limit [100] [threadIndex=0]"
2023-06-01 17:35:53,Step TPS,Lista los contactos,"TPS [98] is less than limit [100] [threadIndex=3]"
2023-06-01 17:35:53,Step TPS,Cosulta el contacto,"TPS [98] is less than limit [100] [threadIndex=55]"
2023-06-01 17:35:53,Step TPS,Lista los contactos,"TPS [98] is less than limit [100] [threadIndex=61]"
2023-06-01 17:35:53,Step TPS,Modifica el contacto,"TPS [98] is less than limit [100] [threadIndex=24]"
2023-06-01 17:35:53,Step TPS,Lista los contactos,"TPS [98] is less than limit [100] [threadIndex=18]"
2023-06-01 17:35:53,Step TPS,Lista los contactos,"TPS [98] is less than limit [100] [threadIndex=66]"
2023-06-01 17:35:53,Step TPS,Cosulta el contacto,"TPS [98] is less than limit [100] [threadIndex=0]"
2023-06-01 17:35:53,Step TPS,Modifica el contacto,"TPS [98] is less than limit [100] [threadIndex=3]"
2023-06-01 17:35:53,Step TPS,Modifica el contacto,"TPS [98] is less than limit [100] [threadIndex=61]"
2023-06-01 17:35:53,Step TPS,Cosulta el contacto,"TPS [98] is less than limit [100] [threadIndex=24]"
2023-06-01 17:35:53,Step TPS,Modifica el contacto,"TPS [98] is less than limit [100] [threadIndex=18]"
2023-06-01 17:35:53,Step TPS,Modifica el contacto,"TPS [98] is less than limit [100] [threadIndex=66]"
2023-06-01 17:35:53,Step TPS,Lista los contactos,"TPS [98] is less than limit [100] [threadIndex=89]"
2023-06-01 17:35:53,Step TPS,Lista los contactos,"TPS [98] is less than limit [100] [threadIndex=46]"
2023-06-01 17:35:53,Step TPS,Lista los contactos,"TPS [98] is less than limit [100] [threadIndex=60]"
2023-06-01 17:35:53,Step TPS,Cosulta el contacto,"TPS [98] is less than limit [100] [threadIndex=3]"
2023-06-01 17:35:53,Step TPS,Cosulta el contacto,"TPS [98] is less than limit [100] [threadIndex=18]"
2023-06-01 17:35:53,Step TPS,Lista los contactos,"TPS [98] is less than limit [100] [threadIndex=99]"
2023-06-01 17:35:53,Step TPS,Cosulta el contacto,"TPS [98] is less than limit [100] [threadIndex=61]"
2023-06-01 17:35:53,Step TPS,Modifica el contacto,"TPS [98] is less than limit [100] [threadIndex=46]"
2023-06-01 17:35:53,Step TPS,Cosulta el contacto,"TPS [98] is less than limit [100] [threadIndex=66]"
2023-06-01 17:35:53,Step TPS,Modifica el contacto,"TPS [98] is less than limit [100] [threadIndex=89]"
2023-06-01 17:35:53,Step TPS,Modifica el contacto,"TPS [98] is less than limit [100] [threadIndex=99]"
2023-06-01 17:35:53,Step TPS,Modifica el contacto,"TPS [98] is less than limit [100] [threadIndex=60]"
2023-06-01 17:35:53,Step TPS,Cosulta el contacto,"TPS [98] is less than limit [100] [threadIndex=46]"
2023-06-01 17:35:53,Step TPS,Lista los contactos,"TPS [98] is less than limit [100] [threadIndex=71]"
2023-06-01 17:35:53,Step TPS,Cosulta el contacto,"TPS [98] is less than limit [100] [threadIndex=60]"
2023-06-01 17:35:53,Step TPS,Cosulta el contacto,"TPS [98] is less than limit [100] [threadIndex=99]"
2023-06-01 17:35:53,Step TPS,Cosulta el contacto,"TPS [98] is less than limit [100] [threadIndex=89]"
2023-06-01 17:35:53,Step TPS,Modifica el contacto,"TPS [98] is less than limit [100] [threadIndex=71]"
2023-06-01 17:35:53,Step TPS,Lista los contactos,"TPS [98] is less than limit [100] [threadIndex=93]"
2023-06-01 17:35:53,Step TPS,Cosulta el contacto,"TPS [98] is less than limit [100] [threadIndex=71]"
2023-06-01 17:35:53,Step TPS,Lista los contactos,"TPS [98] is less than limit [100] [threadIndex=28]"
2023-06-01 17:35:53,Step TPS,Lista los contactos,"TPS [98] is less than limit [100] [threadIndex=74]"
2023-06-01 17:35:53,Step TPS,Modifica el contacto,"TPS [98] is less than limit [100] [threadIndex=93]"
2023-06-01 17:35:53,Step TPS,Modifica el contacto,"TPS [98] is less than limit [100] [threadIndex=28]"
2023-06-01 17:35:53,Step TPS,Modifica el contacto,"TPS [98] is less than limit [100] [threadIndex=74]"
2023-06-01 17:35:53,Step TPS,Lista los contactos,"TPS [98] is less than limit [100] [threadIndex=5]"
2023-06-01 17:35:53,Step TPS,Cosulta el contacto,"TPS [98] is less than limit [100] [threadIndex=28]"
2023-06-01 17:35:53,Step TPS,Cosulta el contacto,"TPS [99] is less than limit [100] [threadIndex=93]"
2023-06-01 17:35:53,Step TPS,Lista los contactos,"TPS [99] is less than limit [100] [threadIndex=6]"
2023-06-01 17:35:53,Step TPS,Cosulta el contacto,"TPS [99] is less than limit [100] [threadIndex=74]"
2023-06-01 17:35:53,Step TPS,Modifica el contacto,"TPS [99] is less than limit [100] [threadIndex=5]"
2023-06-01 17:35:53,Step TPS,Lista los contactos,"TPS [99] is less than limit [100] [threadIndex=72]"
2023-06-01 17:35:53,Step TPS,Modifica el contacto,"TPS [99] is less than limit [100] [threadIndex=6]"
2023-06-01 17:35:53,Step TPS,Cosulta el contacto,"TPS [99] is less than limit [100] [threadIndex=5]"
2023-06-01 17:35:53,Step TPS,Lista los contactos,"TPS [99] is less than limit [100] [threadIndex=90]"
2023-06-01 17:35:53,Step TPS,Modifica el contacto,"TPS [99] is less than limit [100] [threadIndex=72]"
2023-06-01 17:35:53,Step TPS,Cosulta el contacto,"TPS [99] is less than limit [100] [threadIndex=6]"
2023-06-01 17:35:53,Step TPS,Modifica el contacto,"TPS [99] is less than limit [100] [threadIndex=90]"
2023-06-01 17:35:53,Step TPS,Cosulta el contacto,"TPS [99] is less than limit [100] [threadIndex=72]"
2023-06-01 17:35:53,Step TPS,Lista los contactos,"TPS [99] is less than limit [100] [threadIndex=36]"
2023-06-01 17:35:53,Step TPS,Cosulta el contacto,"TPS [99] is less than limit [100] [threadIndex=90]"
2023-06-01 17:35:53,Step TPS,Modifica el contacto,"TPS [99] is less than limit [100] [threadIndex=36]"
2023-06-01 17:35:53,Step TPS,Lista los contactos,"TPS [99] is less than limit [100] [threadIndex=81]"
2023-06-01 17:35:53,Step TPS,Cosulta el contacto,"TPS [99] is less than limit [100] [threadIndex=36]"
2023-06-01 17:35:53,Step TPS,Modifica el contacto,"TPS [99] is less than limit [100] [threadIndex=81]"
2023-06-01 17:35:53,Step TPS,Lista los contactos,"TPS [99] is less than limit [100] [threadIndex=23]"
2023-06-01 17:35:53,Step TPS,Lista los contactos,"TPS [99] is less than limit [100] [threadIndex=95]"
2023-06-01 17:35:53,Step TPS,Cosulta el contacto,"TPS [99] is less than limit [100] [threadIndex=81]"
2023-06-01 17:35:53,Step TPS,Lista los contactos,"TPS [99] is less than limit [100] [threadIndex=48]"
2023-06-01 17:35:53,Step TPS,Lista los contactos,"TPS [99] is less than limit [100] [threadIndex=39]"
2023-06-01 17:35:53,Step TPS,Modifica el contacto,"TPS [99] is less than limit [100] [threadIndex=23]"
2023-06-01 17:35:53,Step TPS,Modifica el contacto,"TPS [99] is less than limit [100] [threadIndex=95]"
2023-06-01 17:35:53,Step TPS,Lista los contactos,"TPS [99] is less than limit [100] [threadIndex=92]"
2023-06-01 17:35:53,Step TPS,Modifica el contacto,"TPS [99] is less than limit [100] [threadIndex=48]"
2023-06-01 17:35:53,Step TPS,Modifica el contacto,"TPS [99] is less than limit [100] [threadIndex=39]"
2023-06-01 17:35:53,Step TPS,Lista los contactos,"TPS [99] is less than limit [100] [threadIndex=75]"
2023-06-01 17:35:53,Step TPS,Modifica el contacto,"TPS [99] is less than limit [100] [threadIndex=92]"
2023-06-01 17:35:53,Step TPS,Cosulta el contacto,"TPS [99] is less than limit [100] [threadIndex=23]"
2023-06-01 17:35:53,Step TPS,Cosulta el contacto,"TPS [99] is less than limit [100] [threadIndex=95]"
2023-06-01 17:35:53,Step TPS,Cosulta el contacto,"TPS [99] is less than limit [100] [threadIndex=39]"
2023-06-01 17:35:53,Step TPS,Cosulta el contacto,"TPS [99] is less than limit [100] [threadIndex=48]"
2023-06-01 17:35:53,Step TPS,Cosulta el contacto,"TPS [99] is less than limit [100] [threadIndex=92]"
2023-06-01 17:35:53,Step TPS,Modifica el contacto,"TPS [99] is less than limit [100] [threadIndex=75]"
2023-06-01 17:35:53,Step TPS,Cosulta el contacto,"TPS [99] is less than limit [100] [threadIndex=75]"
2023-06-01 17:35:53,Step TPS,Lista los contactos,"TPS [99] is less than limit [100] [threadIndex=64]"
2023-06-01 17:35:53,Step TPS,Lista los contactos,"TPS [99] is less than limit [100] [threadIndex=65]"
2023-06-01 17:35:53,Step TPS,Modifica el contacto,"TPS [99] is less than limit [100] [threadIndex=64]"
2023-06-01 17:35:53,Step TPS,Lista los contactos,"TPS [99] is less than limit [100] [threadIndex=83]"
2023-06-01 17:35:53,Step TPS,Modifica el contacto,"TPS [99] is less than limit [100] [threadIndex=65]"
2023-06-01 17:35:53,Step TPS,Cosulta el contacto,"TPS [99] is less than limit [100] [threadIndex=64]"
2023-06-01 17:35:53,Step TPS,Modifica el contacto,"TPS [99] is less than limit [100] [threadIndex=83]"
2023-06-01 17:35:53,Step TPS,Cosulta el contacto,"TPS [99] is less than limit [100] [threadIndex=65]"
2023-06-01 17:35:53,Step TPS,Cosulta el contacto,"TPS [99] is less than limit [100] [threadIndex=83]"
2023-06-01 17:35:53,Step TPS,Lista los contactos,"TPS [99] is less than limit [100] [threadIndex=88]"
2023-06-01 17:35:53,Step TPS,Modifica el contacto,"TPS [99] is less than limit [100] [threadIndex=88]"
2023-06-01 17:35:53,Step TPS,Lista los contactos,"TPS [99] is less than limit [100] [threadIndex=63]"
2023-06-01 17:35:53,Step TPS,Cosulta el contacto,"TPS [99] is less than limit [100] [threadIndex=88]"
2023-06-01 17:35:53,Step TPS,Lista los contactos,"TPS [99] is less than limit [100] [threadIndex=79]"
2023-06-01 17:35:53,Step TPS,Lista los contactos,"TPS [99] is less than limit [100] [threadIndex=14]"
2023-06-01 17:35:53,Step TPS,Modifica el contacto,"TPS [99] is less than limit [100] [threadIndex=63]"
2023-06-01 17:35:53,Step TPS,Modifica el contacto,"TPS [99] is less than limit [100] [threadIndex=79]"
2023-06-01 17:35:53,Step TPS,Lista los contactos,"TPS [99] is less than limit [100] [threadIndex=98]"
2023-06-01 17:35:53,Step TPS,Modifica el contacto,"TPS [99] is less than limit [100] [threadIndex=14]"
2023-06-01 17:35:53,Step TPS,Cosulta el contacto,"TPS [99] is less than limit [100] [threadIndex=79]"
2023-06-01 17:35:53,Step TPS,Lista los contactos,"TPS [99] is less than limit [100] [threadIndex=80]"
2023-06-01 17:36:20,Message,,"LoadTest ended at Thu Jun 01 17:36:20 CEST 2023"
